{"cameraMode":{"drawMode":0,"name":"Shaded","section":"Shading Mode"},"sceneLighting":true,"audioPlay":false,"sceneViewState":{"showFog":true,"showMaterialUpdate":false,"showSkybox":true,"showFlares":true,"showImageEffects":true,"showParticleSystems":true},"in2DMode":false,"pivot":{"x":16.688213348388673,"y":-5.234358310699463,"z":18.84726905822754},"rotation":{"x":-0.13392159342765809,"y":-0.30549752712249758,"z":0.04362621530890465,"w":-0.9417850375175476},"size":14.50000286102295,"orthographic":false}