{"cameraMode":{"drawMode":0,"name":"Shaded","section":"Shading Mode"},"sceneLighting":false,"audioPlay":false,"sceneViewState":{"showFog":true,"showMaterialUpdate":false,"showSkybox":false,"showFlares":true,"showImageEffects":true,"showParticleSystems":true},"in2DMode":false,"pivot":{"x":9.393247604370118,"y":13.145000457763672,"z":-6.778938293457031},"rotation":{"x":-0.015110037289559842,"y":-0.1606842577457428,"z":0.002460610819980502,"w":-0.9868877530097961},"size":0.10103674978017807,"orthographic":false}